Rank,Name,Platform,Year,Genre,Publisher,NA_Sales,EU_Sales,JP_Sales,Other_Sales,Global_Sales,Averaged_Sales
1,Wii Sports,Wii,2006.0,Sports,Nintendo,41.49,29.02,3.77,8.46,82.74,21.269922879177376
2,Super Mario Bros.,NES,1985.0,Platform,Nintendo,29.08,3.58,6.81,0.77,40.24,10.344473007712082
3,Mario Kart Wii,Wii,2008.0,Racing,Nintendo,15.85,12.88,3.79,3.31,35.82,9.208226221079691
4,Wii Sports Resort,Wii,2009.0,Sports,Nintendo,15.75,11.01,3.28,2.96,33.0,8.483290488431876
5,Pokemon Red/Pokemon Blue,GB,1996.0,Role-Playing,Nintendo,11.27,8.89,10.22,1.0,31.37,8.06426735218509
6,Tetris,GB,1989.0,Puzzle,Nintendo,23.2,2.26,4.22,0.58,30.26,7.778920308483291
7,New Super Mario Bros.,DS,2006.0,Platform,Nintendo,11.38,9.23,6.5,2.9,30.01,7.714652956298201
8,Wii Play,Wii,2006.0,Misc,Nintendo,14.03,9.2,2.93,2.85,29.02,7.4601542416452435
9,New Super Mario Bros. Wii,Wii,2009.0,Platform,Nintendo,14.59,7.06,4.7,2.26,28.62,7.3573264781491
10,Duck Hunt,NES,1984.0,Shooter,Nintendo,26.93,0.63,0.28,0.47,28.31,7.277634961439588
11,Nintendogs,DS,2005.0,Simulation,Nintendo,9.07,11.0,1.93,2.75,24.76,6.365038560411311
12,Mario Kart DS,DS,2005.0,Racing,Nintendo,9.81,7.57,4.13,1.92,23.42,6.020565552699229
13,Pokemon Gold/Pokemon Silver,GB,1999.0,Role-Playing,Nintendo,9.0,6.18,7.2,0.71,23.1,5.938303341902314
14,Wii Fit,Wii,2007.0,Sports,Nintendo,8.94,8.03,3.6,2.15,22.72,5.840616966580976
15,Wii Fit Plus,Wii,2009.0,Sports,Nintendo,9.09,8.59,2.53,1.79,22.0,5.655526992287918
16,Kinect Adventures!,X360,2010.0,Misc,Microsoft Game Studios,14.97,4.94,0.24,1.67,21.82,5.609254498714653
17,Grand Theft Auto V,PS3,2013.0,Action,Take-Two Interactive,7.01,9.27,0.97,4.14,21.4,5.5012853470437015
18,Grand Theft Auto: San Andreas,PS2,2004.0,Action,Take-Two Interactive,9.43,0.4,0.41,10.57,20.81,5.349614395886889
19,Super Mario World,SNES,1990.0,Platform,Nintendo,12.78,3.75,3.54,0.55,20.61,5.298200514138817
20,Brain Age: Train Your Brain in Minutes a Day,DS,2005.0,Misc,Nintendo,4.75,9.26,4.16,2.05,20.22,5.197943444730076
21,Pokemon Diamond/Pokemon Pearl,DS,2006.0,Role-Playing,Nintendo,6.42,4.52,6.04,1.37,18.36,4.719794344473008
22,Super Mario Land,GB,1989.0,Platform,Nintendo,10.83,2.71,4.18,0.42,18.14,4.663239074550129
23,Super Mario Bros. 3,NES,1988.0,Platform,Nintendo,9.54,3.44,3.84,0.46,17.28,4.442159383033419
24,Grand Theft Auto V,X360,2013.0,Action,Take-Two Interactive,9.63,5.31,0.06,1.38,16.38,4.210796915167094
25,Grand Theft Auto: Vice City,PS2,2002.0,Action,Take-Two Interactive,8.41,5.49,0.47,1.78,16.15,4.151670951156812
26,Pokemon Ruby/Pokemon Sapphire,GBA,2002.0,Role-Playing,Nintendo,6.06,3.9,5.38,0.5,15.85,4.074550128534704
27,Pokemon Black/Pokemon White,DS,2010.0,Role-Playing,Nintendo,5.57,3.28,5.65,0.82,15.32,3.9383033419023135
28,Brain Age 2: More Training in Minutes a Day,DS,2005.0,Puzzle,Nintendo,3.44,5.36,5.32,1.18,15.3,3.9331619537275064
29,Gran Turismo 3: A-Spec,PS2,2001.0,Racing,Sony Computer Entertainment,6.85,5.09,1.87,1.16,14.98,3.8508997429305913
30,Call of Duty: Modern Warfare 3,X360,2011.0,Shooter,Activision,9.03,4.28,0.13,1.32,14.76,3.794344473007712
31,Pokémon Yellow: Special Pikachu Edition,GB,1998.0,Role-Playing,Nintendo,5.89,5.04,3.12,0.59,14.64,3.763496143958869
32,Call of Duty: Black Ops,X360,2010.0,Shooter,Activision,9.67,3.73,0.11,1.13,14.64,3.763496143958869
33,Pokemon X/Pokemon Y,3DS,2013.0,Role-Playing,Nintendo,5.17,4.05,4.34,0.79,14.35,3.6889460154241642
34,Call of Duty: Black Ops 3,PS4,2015.0,Shooter,Activision,5.77,5.81,0.35,2.31,14.24,3.6606683804627247
35,Call of Duty: Black Ops II,PS3,2012.0,Shooter,Activision,4.99,5.88,0.65,2.52,14.03,3.606683804627249
36,Call of Duty: Black Ops II,X360,2012.0,Shooter,Activision,8.25,4.3,0.07,1.12,13.73,3.5295629820051415
37,Call of Duty: Modern Warfare 2,X360,2009.0,Shooter,Activision,8.52,3.63,0.08,1.29,13.51,3.473007712082262
38,Call of Duty: Modern Warfare 3,PS3,2011.0,Shooter,Activision,5.54,5.82,0.49,1.62,13.46,3.4601542416452444
39,Grand Theft Auto III,PS2,2001.0,Action,Take-Two Interactive,6.99,4.51,0.3,1.3,13.1,3.3676092544987144
40,Super Smash Bros. Brawl,Wii,2008.0,Fighting,Nintendo,6.75,2.61,2.66,1.02,13.04,3.352185089974293
41,Call of Duty: Black Ops,PS3,2010.0,Shooter,Activision,5.98,4.44,0.48,1.83,12.73,3.2724935732647813
42,Animal Crossing: Wild World,DS,2005.0,Simulation,Nintendo,2.55,3.52,5.33,0.88,12.27,3.1542416452442157
43,Mario Kart 7,3DS,2011.0,Racing,Nintendo,4.74,3.91,2.67,0.89,12.21,3.1388174807197946
44,Halo 3,X360,2007.0,Shooter,Microsoft Game Studios,7.97,2.83,0.13,1.21,12.14,3.120822622107969
45,Grand Theft Auto V,PS4,2014.0,Action,Take-Two Interactive,3.8,5.81,0.36,2.02,11.98,3.0796915167095116
46,Pokemon HeartGold/Pokemon SoulSilver,DS,2009.0,Action,Nintendo,4.4,2.77,3.96,0.77,11.9,3.0591259640102826
47,Super Mario 64,N64,1996.0,Platform,Nintendo,6.91,2.85,1.91,0.23,11.89,3.056555269922879
48,Gran Turismo 4,PS2,2004.0,Racing,Sony Computer Entertainment,3.01,0.01,1.1,7.53,11.66,2.9974293059125965
49,Super Mario Galaxy,Wii,2007.0,Platform,Nintendo,6.16,3.4,1.2,0.76,11.52,2.961439588688946
50,Pokemon Omega Ruby/Pokemon Alpha Sapphire,3DS,2014.0,Role-Playing,Nintendo,4.23,3.37,3.08,0.65,11.33,2.9125964010282774
51,Super Mario Land 2: 6 Golden Coins,GB,1992.0,Adventure,Nintendo,6.16,2.04,2.69,0.29,11.18,2.8740359897172234
52,Grand Theft Auto IV,X360,2008.0,Action,Take-Two Interactive,6.76,3.1,0.14,1.03,11.02,2.832904884318766
53,Gran Turismo,PS,1997.0,Racing,Sony Computer Entertainment,4.02,3.87,2.54,0.52,10.95,2.814910025706941
54,Super Mario 3D Land,3DS,2011.0,Platform,Nintendo,4.89,2.99,2.13,0.78,10.79,2.773778920308483
55,Gran Turismo 5,PS3,2010.0,Racing,Sony Computer Entertainment,2.96,4.88,0.81,2.12,10.77,2.768637532133676
56,Call of Duty: Modern Warfare 2,PS3,2009.0,Shooter,Activision,4.99,3.69,0.38,1.63,10.69,2.7480719794344473
57,Grand Theft Auto IV,PS3,2008.0,Action,Take-Two Interactive,4.76,3.76,0.44,1.62,10.57,2.717223650385604
58,Super Mario All-Stars,SNES,1993.0,Platform,Nintendo,5.99,2.15,2.12,0.29,10.55,2.712082262210797
59,Pokemon FireRed/Pokemon LeafGreen,GBA,2004.0,Role-Playing,Nintendo,4.34,2.65,3.15,0.35,10.49,2.696658097686375
60,Super Mario 64,DS,2004.0,Platform,Nintendo,5.08,3.11,1.25,0.98,10.42,2.67866323907455
61,Just Dance 3,Wii,2011.0,Misc,Ubisoft,6.05,3.15,0.0,1.07,10.26,2.6375321336760926
62,Call of Duty: Ghosts,X360,2013.0,Shooter,Activision,6.72,2.63,0.04,0.82,10.21,2.6246786632390746
63,Halo: Reach,X360,2010.0,Shooter,Microsoft Game Studios,7.03,1.98,0.08,0.78,9.88,2.539845758354756
64,Mario Kart 64,N64,1996.0,Racing,Nintendo,5.55,1.94,2.23,0.15,9.87,2.537275064267352
65,New Super Mario Bros. 2,3DS,2012.0,Platform,Nintendo,3.66,3.07,2.47,0.63,9.82,2.524421593830334
66,Halo 4,X360,2012.0,Shooter,Microsoft Game Studios,6.63,2.36,0.04,0.73,9.76,2.5089974293059125
67,Final Fantasy VII,PS,1997.0,Role-Playing,Sony Computer Entertainment,3.01,2.47,3.28,0.96,9.72,2.4987146529562985
68,Call of Duty: Ghosts,PS3,2013.0,Shooter,Activision,4.09,3.73,0.38,1.38,9.59,2.4652956298200515
69,Just Dance 2,Wii,2010.0,Misc,Ubisoft,5.84,2.89,0.01,0.78,9.52,2.447300771208226
70,Gran Turismo 2,PS,1999.0,Racing,Sony Computer Entertainment,3.88,3.42,1.69,0.5,9.49,2.4395886889460154
71,Call of Duty 4: Modern Warfare,X360,2007.0,Shooter,Activision,5.91,2.38,0.13,0.9,9.32,2.3958868894601544
72,Donkey Kong Country,SNES,1994.0,Platform,Nintendo,4.36,1.71,3.0,0.23,9.3,2.3907455012853474
73,Minecraft,X360,2013.0,Misc,Microsoft Game Studios,5.58,2.83,0.02,0.77,9.2,2.365038560411311
74,Animal Crossing: New Leaf,3DS,2012.0,Simulation,Nintendo,2.01,2.32,4.36,0.41,9.09,2.3367609254498714
75,Mario Party DS,DS,2007.0,Misc,Nintendo,4.46,1.88,1.98,0.7,9.02,2.318766066838046
76,The Elder Scrolls V: Skyrim,X360,2011.0,Role-Playing,Bethesda Softworks,5.03,2.86,0.1,0.85,8.84,2.2724935732647813
77,Super Mario Kart,SNES,1992.0,Racing,Nintendo,3.54,1.24,3.81,0.18,8.76,2.2519280205655527
78,FIFA 16,PS4,2015.0,Sports,Electronic Arts,1.11,6.06,0.06,1.26,8.49,2.1825192802056557
79,Wii Party,Wii,2010.0,Misc,Nintendo,1.79,3.53,2.49,0.68,8.49,2.1825192802056557
80,Halo 2,XB,2004.0,Shooter,Microsoft Game Studios,6.82,1.53,0.05,0.08,8.49,2.1825192802056557
81,Mario Party 8,Wii,2007.0,Misc,Nintendo,3.81,2.3,1.58,0.73,8.42,2.16452442159383
82,Pokemon Black 2/Pokemon White 2,DS,2012.0,Role-Playing,Nintendo,2.91,1.86,3.14,0.43,8.33,2.1413881748071977
83,FIFA Soccer 13,PS3,2012.0,Action,Electronic Arts,1.06,5.05,0.13,2.01,8.24,2.1182519280205656
84,The Sims 3,PC,2009.0,Simulation,Electronic Arts,0.98,6.42,0.0,0.71,8.11,2.0848329048843186
85,GoldenEye 007,N64,1997.0,Shooter,Nintendo,5.8,2.01,0.13,0.15,8.09,2.0796915167095116
86,Mario & Sonic at the Olympic Games,Wii,2007.0,Sports,Sega,2.58,3.9,0.66,0.91,8.06,2.071979434447301
87,Final Fantasy X,PS2,2001.0,Role-Playing,Sony Computer Entertainment,2.91,2.07,2.73,0.33,8.05,2.069408740359897
88,Final Fantasy VIII,PS,1999.0,Role-Playing,SquareSoft,2.28,1.72,3.63,0.23,7.86,2.020565552699229
89,Pokémon Platinum Version,DS,2008.0,Role-Playing,Nintendo,2.82,1.78,2.69,0.55,7.84,2.0154241645244215
90,Pac-Man,2600,1982.0,Puzzle,Atari,7.28,0.45,0.0,0.08,7.81,2.0077120822622105
91,Grand Theft Auto: Liberty City Stories,PSP,2005.0,Action,Take-Two Interactive,2.9,2.83,0.24,1.75,7.72,1.9845758354755783
92,Super Mario Galaxy 2,Wii,2010.0,Platform,Nintendo,3.66,2.42,0.98,0.64,7.69,1.9768637532133677
93,Star Wars Battlefront (2015),PS4,2015.0,Shooter,Electronic Arts,2.93,3.29,0.22,1.23,7.67,1.9717223650385602
94,Call of Duty: Advanced Warfare,PS4,2014.0,Shooter,Activision,2.8,3.3,0.14,1.37,7.6,1.953727506426735
95,The Legend of Zelda: Ocarina of Time,N64,1998.0,Action,Nintendo,4.1,1.89,1.45,0.16,7.6,1.953727506426735
96,Crash Bandicoot 2: Cortex Strikes Back,PS,1997.0,Platform,Sony Computer Entertainment,3.78,2.17,1.31,0.31,7.58,1.948586118251928
97,Super Mario Bros. 2,NES,1988.0,Platform,Nintendo,5.39,1.18,0.7,0.19,7.46,1.9177377892030847
98,Super Smash Bros. for Wii U and 3DS,3DS,2014.0,Fighting,Nintendo,3.24,1.35,2.42,0.43,7.45,1.9151670951156812
99,Call of Duty: World at War,X360,2008.0,Shooter,Activision,4.79,1.9,0.0,0.69,7.37,1.8946015424164524
100,Battlefield 3,X360,2011.0,Shooter,Electronic Arts,4.46,2.13,0.06,0.69,7.34,1.8868894601542416
101,The Legend of Zelda: Twilight Princess,Wii,2006.0,Action,Nintendo,3.83,2.19,0.6,0.7,7.31,1.8791773778920307
102,Call of Duty: Black Ops 3,XOne,2015.0,Shooter,Activision,4.52,2.09,0.01,0.67,7.3,1.8766066838046271
103,Just Dance,Wii,2009.0,Misc,Ubisoft,3.51,3.03,0.0,0.73,7.27,1.8688946015424164
104,Battlefield 3,PS3,2011.0,Shooter,Electronic Arts,2.85,2.93,0.35,1.1,7.23,1.858611825192802
105,Need for Speed Underground,PS2,2003.0,Racing,Electronic Arts,3.27,2.83,0.08,1.02,7.2,1.8508997429305913
106,Tekken 3,PS,1998.0,Fighting,Sony Computer Entertainment,3.27,2.22,1.4,0.29,7.16,1.8406169665809768
107,Crash Bandicoot 3: Warped,PS,1998.0,Platform,Sony Computer Entertainment,3.68,1.75,1.42,0.28,7.13,1.832904884318766
108,Super Smash Bros. Melee,GC,2001.0,Fighting,Nintendo,4.41,1.04,1.39,0.22,7.07,1.8174807197943446
109,Mario Kart 8,WiiU,2014.0,Racing,Nintendo,3.13,2.07,1.27,0.49,6.96,1.7892030848329048
110,Fallout 4,PS4,2015.0,Role-Playing,Bethesda Softworks,2.47,3.15,0.24,1.1,6.96,1.7892030848329048
111,Mario Kart: Double Dash!!,GC,2003.0,Racing,Nintendo,4.12,1.77,0.87,0.19,6.95,1.7866323907455013
112,Just Dance 4,Wii,2012.0,Misc,Ubisoft,4.14,2.21,0.0,0.56,6.91,1.7763496143958868
113,FIFA 14,PS3,2013.0,Sports,Electronic Arts,0.78,4.32,0.07,1.73,6.9,1.7737789203084833
114,Need for Speed Underground 2,PS2,2004.0,Racing,Electronic Arts,2.71,3.02,0.08,1.09,6.9,1.7737789203084833
115,Medal of Honor: Frontline,PS2,2002.0,Shooter,Electronic Arts,2.93,2.75,0.17,0.99,6.83,1.755784061696658
116,Uncharted 3: Drake's Deception,PS3,2011.0,Action,Sony Computer Entertainment,2.77,2.8,0.19,1.06,6.83,1.755784061696658
117,Crash Bandicoot,PS,1996.0,Platform,Sony Computer Entertainment,3.23,2.35,0.94,0.3,6.82,1.7532133676092545
118,Zumba Fitness,Wii,2010.0,Sports,505 Games,3.5,2.64,0.0,0.67,6.81,1.7506426735218508
119,Gears of War 2,X360,2008.0,Shooter,Microsoft Game Studios,4.15,1.92,0.06,0.64,6.76,1.7377892030848328
120,Uncharted 2: Among Thieves,PS3,2009.0,Action,Sony Computer Entertainment,3.27,2.25,0.21,1.0,6.73,1.7300771208226222
121,Call of Duty 4: Modern Warfare,PS3,2007.0,Shooter,Activision,3.1,2.3,0.28,1.04,6.72,1.7275064267352185
122,FIFA 12,PS3,2011.0,Sports,Electronic Arts,0.84,4.32,0.11,1.42,6.69,1.7197943444730077
123,Big Brain Academy,DS,2005.0,Misc,Nintendo,1.67,2.78,1.6,0.62,6.67,1.7146529562982005
124,Red Dead Redemption,PS3,2010.0,Action,Take-Two Interactive,2.79,2.61,0.17,1.03,6.6,1.6966580976863752
126,Donkey Kong Country Returns,Wii,2010.0,Platform,Nintendo,3.25,1.84,1.03,0.47,6.59,1.6940874035989717
125,FIFA 15,PS4,2014.0,Sports,Electronic Arts,0.79,4.29,0.05,1.47,6.59,1.6940874035989717
127,The Elder Scrolls V: Skyrim,PS3,2011.0,Role-Playing,Bethesda Softworks,2.55,2.71,0.25,1.05,6.56,1.6863753213367607
128,The Legend of Zelda,NES,1986.0,Action,Nintendo,3.74,0.93,1.69,0.14,6.51,1.673521850899743
129,Assassin's Creed III,PS3,2012.0,Action,Ubisoft,2.64,2.56,0.16,1.14,6.5,1.6709511568123392
130,Halo: Combat Evolved,XB,2001.0,Shooter,Microsoft Game Studios,4.98,1.3,0.08,0.07,6.43,1.652956298200514
131,Pokémon Emerald Version,GBA,2004.0,Role-Playing,Nintendo,2.57,1.58,2.06,0.21,6.41,1.647814910025707
132,Kingdom Hearts,PS2,2002.0,Role-Playing,Sony Computer Entertainment,3.64,1.2,1.49,0.07,6.4,1.6452442159383034
133,Pokémon Crystal Version,GB,2000.0,Role-Playing,Nintendo,2.55,1.56,1.29,0.99,6.39,1.6426735218508997
134,Halo 3: ODST,X360,2009.0,Shooter,Microsoft Game Studios,4.34,1.35,0.06,0.61,6.36,1.634961439588689
135,Red Dead Redemption,X360,2010.0,Action,Take-Two Interactive,3.7,1.97,0.09,0.57,6.34,1.6298200514138816
136,Super Mario Sunshine,GC,2002.0,Platform,Nintendo,4.01,1.26,0.87,0.17,6.31,1.6221079691516709
137,Street Fighter II: The World Warrior,SNES,1992.0,Fighting,Capcom,2.47,0.83,2.87,0.12,6.3,1.6195372750642671
138,World of Warcraft,PC,2004.0,Role-Playing,Activision,0.07,6.21,0.0,0.0,6.28,1.6143958868894601
139,Driver,PS,1999.0,Action,GT Interactive,3.11,2.8,0.02,0.33,6.27,1.6118251928020564
140,Kinect Sports,X360,2010.0,Sports,Microsoft Game Studios,3.92,1.78,0.03,0.51,6.24,1.6041131105398458
141,Gears of War 3,X360,2011.0,Shooter,Microsoft Game Studios,4.05,1.62,0.07,0.49,6.24,1.6041131105398458
142,Gears of War,X360,2006.0,Shooter,Microsoft Game Studios,3.54,1.9,0.07,0.6,6.11,1.570694087403599
143,Metal Gear Solid 2: Sons of Liberty,PS2,2001.0,Action,Konami Digital Entertainment,2.45,2.01,0.87,0.72,6.05,1.5552699228791773
146,Metal Gear Solid,PS,1998.0,Action,Konami Digital Entertainment,3.18,1.83,0.78,0.24,6.03,1.5501285347043703
145,Metal Gear Solid 4: Guns of the Patriots,PS3,2008.0,Action,Konami Digital Entertainment,2.63,1.74,0.83,0.83,6.03,1.5501285347043703
144,Sonic the Hedgehog 2,GEN,1992.0,Platform,Sega,4.47,1.2,0.16,0.19,6.03,1.5501285347043703
147,The Last of Us,PS3,2013.0,Action,Sony Computer Entertainment Europe,2.41,2.28,0.28,1.01,5.99,1.5398457583547558
148,Final Fantasy XII,PS2,2006.0,Role-Playing,Square Enix,1.88,0.0,2.33,1.74,5.95,1.5295629820051413
149,LittleBigPlanet,PS3,2008.0,Platform,Sony Computer Entertainment,2.8,2.05,0.17,0.9,5.92,1.5218508997429305
150,Dragon Quest IX: Sentinels of the Starry Skies,DS,2009.0,Role-Playing,Nintendo,0.66,0.69,4.35,0.15,5.84,1.5012853470437018
151,LEGO Star Wars: The Complete Saga,Wii,2007.0,Action,LucasArts,3.66,1.63,0.0,0.53,5.83,1.4987146529562982
152,Resident Evil 2,PS,1998.0,Action,Virgin Interactive,1.88,1.47,2.02,0.45,5.82,1.4961439588688947
153,Tekken 2,PS,1996.0,Fighting,Sony Computer Entertainment,2.26,1.89,1.36,0.23,5.74,1.4755784061696657
154,Cooking Mama,DS,2006.0,Simulation,505 Games,3.13,1.94,0.07,0.58,5.72,1.4704370179948585
155,Destiny,PS4,2014.0,Shooter,Activision,2.49,2.05,0.16,0.96,5.65,1.4524421593830334
156,Tetris,NES,1988.0,Puzzle,Nintendo,2.97,0.69,1.81,0.11,5.58,1.4344473007712082
157,Assassin's Creed II,PS3,2009.0,Action,Ubisoft,2.54,1.95,0.21,0.87,5.57,1.4318766066838047
158,Super Smash Bros.,N64,1999.0,Fighting,Nintendo,2.95,0.6,1.97,0.04,5.55,1.4267352185089974
159,Assassin's Creed,X360,2007.0,Adventure,Ubisoft,3.28,1.65,0.07,0.55,5.55,1.4267352185089974
160,Batman: Arkham City,PS3,2011.0,Action,Warner Bros. Interactive Entertainment,2.7,1.91,0.11,0.8,5.53,1.4215938303341902
161,Forza Motorsport 3,X360,2009.0,Racing,Microsoft Game Studios,2.99,1.92,0.1,0.51,5.51,1.416452442159383
162,Monster Hunter Freedom Unite,PSP,2008.0,Role-Playing,Capcom,0.47,0.57,4.13,0.34,5.5,1.4138817480719794
163,Super Mario Advance,GBA,2001.0,Platform,Nintendo,3.14,1.24,0.91,0.2,5.49,1.411311053984576
164,Mario Kart: Super Circuit,GBA,2001.0,Racing,Nintendo,2.62,1.64,0.99,0.23,5.47,1.4061696658097684
165,Super Mario World,GBA,2001.0,Platform,Nintendo,3.21,1.11,0.95,0.2,5.46,1.403598971722365
166,Pokemon Stadium,N64,1999.0,Strategy,Nintendo,3.18,1.24,0.94,0.09,5.45,1.4010282776349614
167,Call of Duty: World at War,PS3,2008.0,Shooter,Activision,2.72,1.87,0.0,0.84,5.43,1.3958868894601542
168,Crash Bandicoot: The Wrath of Cortex,PS2,2001.0,Platform,Universal Interactive,2.07,2.29,0.24,0.82,5.42,1.3933161953727506
169,Minecraft,PS3,2014.0,Misc,Sony Computer Entertainment,1.97,2.51,0.0,0.94,5.42,1.3933161953727506
170,Final Fantasy XIII,PS3,2009.0,Role-Playing,Square Enix,1.74,1.24,1.87,0.52,5.36,1.3778920308483291
171,Dr. Mario,GB,1989.0,Puzzle,Nintendo,2.18,0.96,2.0,0.2,5.34,1.3727506426735219
172,Pokemon Pinball,GB,1999.0,Misc,Nintendo,3.02,1.12,1.01,0.16,5.31,1.3650385604113109
174,Final Fantasy IX,PS,2000.0,Role-Playing,SquareSoft,1.62,0.77,2.78,0.14,5.3,1.3624678663239074
173,Assassin's Creed III,X360,2012.0,Action,Ubisoft,3.13,1.71,0.03,0.44,5.3,1.3624678663239074
175,Final Fantasy X-2,PS2,2003.0,Role-Playing,Electronic Arts,1.92,1.08,2.11,0.17,5.29,1.3598971722365039
176,Donkey Kong 64,N64,1999.0,Platform,Nintendo,3.33,0.79,1.09,0.06,5.27,1.3547557840616966
177,Assassin's Creed II,X360,2009.0,Action,Ubisoft,3.1,1.56,0.08,0.51,5.27,1.3547557840616966
178,Professor Layton and the Curious Village,DS,2007.0,Puzzle,Nintendo,1.22,2.48,1.03,0.52,5.26,1.3521850899742929
179,Tomb Raider II,PS,1997.0,Action,Eidos Interactive,2.3,2.46,0.2,0.28,5.24,1.3470437017994858
180,Madden NFL 2004,PS2,,Sports,Electronic Arts,4.26,0.26,0.01,0.71,5.23,1.3444730077120823
181,Dragon Quest VIII: Journey of the Cursed King,PS2,2004.0,Role-Playing,Square Enix,0.65,0.75,3.61,0.2,5.21,1.339331619537275
183,Super Mario Bros. 3,GBA,2003.0,Platform,Nintendo,2.93,1.25,0.83,0.2,5.2,1.3367609254498716
182,Diablo III,PC,2012.0,Role-Playing,Activision,2.43,2.15,0.0,0.62,5.2,1.3367609254498716
184,New Super Mario Bros. U,WiiU,2012.0,Platform,Nintendo,2.32,1.3,1.27,0.31,5.19,1.3341902313624678
185,Super Mario Land 3: Wario Land,GB,1994.0,Platform,Nintendo,2.49,0.98,1.57,0.15,5.19,1.3341902313624678
186,FIFA Soccer 13,X360,2012.0,Action,Electronic Arts,1.08,3.48,0.03,0.58,5.18,1.331619537275064
187,The Legend of Zelda: Phantom Hourglass,DS,2007.0,Action,Nintendo,1.9,1.83,0.95,0.49,5.17,1.3290488431876606
188,Donkey Kong Country 2: Diddy's Kong Quest,SNES,1995.0,Platform,Nintendo,2.1,0.74,2.2,0.11,5.15,1.3239074550128536
189,Tomodachi Life,3DS,2013.0,Simulation,Nintendo,0.96,2.02,1.89,0.28,5.15,1.3239074550128536
190,Mario & Sonic at the Olympic Games,DS,2008.0,Sports,Sega,1.64,2.48,0.44,0.58,5.14,1.3213367609254498
194,Call of Duty: Advanced Warfare,XOne,2014.0,Shooter,Activision,3.21,1.53,0.01,0.38,5.13,1.3187660668380463
193,Fable III,X360,2010.0,Role-Playing,Microsoft Game Studios,3.59,1.11,0.05,0.38,5.13,1.3187660668380463
192,Kirby's Dream Land,GB,1992.0,Platform,Nintendo,2.71,0.61,1.7,0.11,5.13,1.3187660668380463
191,Medal of Honor: Rising Sun,PS2,2003.0,Shooter,Electronic Arts,1.98,2.23,0.13,0.8,5.13,1.3187660668380463
195,Microsoft Flight Simulator,PC,1996.0,Simulation,Microsoft Game Studios,3.22,1.69,0.0,0.2,5.12,1.3161953727506426
196,Guitar Hero II,PS2,2006.0,Misc,RedOctane,3.81,0.63,0.0,0.68,5.12,1.3161953727506426
197,Resident Evil 5,PS3,2009.0,Action,Capcom,1.96,1.43,1.08,0.65,5.11,1.313624678663239
198,Grand Theft Auto V,XOne,2014.0,Action,Take-Two Interactive,2.66,2.01,0.0,0.41,5.08,1.3059125964010283
199,Grand Theft Auto: Vice City Stories,PSP,2006.0,Action,Take-Two Interactive,1.7,2.02,0.16,1.21,5.08,1.3059125964010283
200,FIFA Soccer 11,PS3,2010.0,Sports,Electronic Arts,0.6,3.29,0.06,1.13,5.08,1.3059125964010283
201,Super Mario Bros.,GB,1999.0,Platform,Nintendo,3.4,1.3,0.15,0.22,5.07,1.3033419023136248
202,Resident Evil,PS,1996.0,Action,Virgin Interactive,2.05,1.16,1.11,0.73,5.05,1.2982005141388173
203,Tony Hawk's Pro Skater,PS,1999.0,Sports,Activision,3.42,1.38,0.02,0.2,5.02,1.2904884318766066
204,Super Smash Bros. for Wii U and 3DS,WiiU,2014.0,Fighting,Nintendo,2.59,1.06,0.8,0.57,5.02,1.2904884318766066
205,Warzone 2100,PS,1999.0,Strategy,Eidos Interactive,2.79,1.89,0.0,0.33,5.01,1.287917737789203
206,Spyro the Dragon,PS,1998.0,Platform,Sony Computer Entertainment,3.36,1.36,0.07,0.21,5.0,1.2853470437017995
207,Link's Crossbow Training,Wii,2007.0,Shooter,Nintendo,3.06,1.18,0.29,0.46,5.0,1.2853470437017995
208,Guitar Hero III: Legends of Rock,PS2,2007.0,Misc,Activision,3.49,0.01,0.01,1.48,4.98,1.2802056555269923
209,Fallout 3,X360,2008.0,Role-Playing,Bethesda Softworks,3.39,1.03,0.09,0.44,4.96,1.275064267352185
210,Pokemon Mystery Dungeon: Explorers of Time/Explorers of Darkness,DS,2007.0,Role-Playing,Nintendo,1.85,1.2,1.54,0.37,4.96,1.275064267352185
211,Uncharted: Drake's Fortune,PS3,2007.0,Action,Sony Computer Entertainment,2.31,1.73,0.12,0.78,4.94,1.269922879177378
212,Madden NFL 06,PS2,2005.0,Sports,Electronic Arts,3.98,0.26,0.01,0.66,4.91,1.262210796915167
213,LEGO Star Wars: The Complete Saga,DS,2007.0,Action,LucasArts,2.89,1.54,0.0,0.46,4.9,1.2596401028277635
214,Diddy Kong Racing,N64,1997.0,Racing,Nintendo,2.91,0.99,0.89,0.1,4.88,1.2544987146529563
215,Monster Hunter Freedom 3,PSP,2010.0,Role-Playing,Capcom,0.0,0.0,4.87,0.0,4.87,1.2519280205655527
216,Dr. Mario,NES,1990.0,Puzzle,Nintendo,2.62,0.6,1.52,0.1,4.85,1.2467866323907453
217,God of War III,PS3,2010.0,Action,Sony Computer Entertainment,2.74,1.36,0.12,0.63,4.84,1.2442159383033418
218,StarCraft II: Wings of Liberty,PC,2010.0,Strategy,Activision,2.56,1.68,0.0,0.59,4.83,1.2416452442159382
219,Assassin's Creed,PS3,2007.0,Adventure,Ubisoft,1.91,2.0,0.09,0.83,4.83,1.2416452442159382
220,FIFA 15,PS3,2014.0,Sports,Electronic Arts,0.57,3.14,0.04,1.07,4.82,1.2390745501285347
221,Crash Team Racing,PS,1999.0,Racing,Sony Computer Entertainment,2.57,1.57,0.44,0.21,4.79,1.231362467866324
222,FIFA 17,PS4,2016.0,Sports,Electronic Arts,0.28,3.75,0.06,0.69,4.77,1.2262210796915165
223,Batman: Arkham City,X360,2011.0,Action,Warner Bros. Interactive Entertainment,2.99,1.31,0.04,0.41,4.76,1.223650385604113
224,Driver 2,PS,2000.0,Action,Atari,2.36,2.1,0.02,0.25,4.73,1.2159383033419024
225,The Simpsons: Hit & Run,PS2,2003.0,Racing,Vivendi Games,1.73,2.19,0.0,0.79,4.7,1.2082262210796915
226,Tony Hawk's Pro Skater 2,PS,2000.0,Sports,Activision,3.05,1.41,0.02,0.2,4.68,1.2030848329048842
227,Animal Crossing: City Folk,Wii,2008.0,Simulation,Nintendo,1.87,1.12,1.32,0.37,4.68,1.2030848329048842
228,The Lord of the Rings: The Two Towers,PS2,2002.0,Action,Electronic Arts,1.94,1.95,0.08,0.7,4.67,1.2005141388174807
229,Forza Motorsport 4,X360,2011.0,Racing,Microsoft Game Studios,2.08,2.04,0.06,0.47,4.64,1.1928020565552697
230,Tomb Raider,PS,1996.0,Action,Eidos Interactive,2.29,1.97,0.13,0.24,4.63,1.1902313624678662
231,Guitar Hero III: Legends of Rock,Wii,2007.0,Misc,Activision,3.06,1.12,0.0,0.44,4.62,1.1876606683804627
232,The Legend of Zelda: A Link to the Past,SNES,1991.0,Action,Nintendo,2.42,0.91,1.15,0.13,4.61,1.1850899742930592
233,The Legend of Zelda: The Wind Waker,GC,2002.0,Action,Nintendo,2.6,0.99,0.89,0.13,4.6,1.1825192802056554
234,Mario & Sonic at the Olympic Winter Games,Wii,2009.0,Sports,Sega,1.89,1.99,0.22,0.48,4.58,1.1773778920308484
235,Luigi's Mansion: Dark Moon,3DS,2013.0,Action,Nintendo,1.78,1.39,1.1,0.3,4.58,1.1773778920308484
236,Splatoon,WiiU,2015.0,Shooter,Nintendo,1.55,1.15,1.44,0.43,4.57,1.1748071979434447
237,The Last of Us,PS4,2014.0,Action,Sony Computer Entertainment,1.78,1.87,0.07,0.82,4.55,1.1696658097686374
238,Guitar Hero III: Legends of Rock,X360,2007.0,Misc,Activision,3.19,0.92,0.01,0.42,4.53,1.1645244215938304
239,Madden NFL 2005,PS2,2004.0,Sports,Electronic Arts,4.18,0.26,0.01,0.08,4.53,1.1645244215938304
240,Pitfall!,2600,1981.0,Platform,Activision,4.21,0.24,0.0,0.05,4.5,1.1568123393316194
241,Madden NFL 07,PS2,2006.0,Sports,Electronic Arts,3.63,0.24,0.01,0.61,4.49,1.154241645244216
242,Spider-Man: The Movie,PS2,2002.0,Action,Activision,2.71,1.51,0.03,0.23,4.48,1.1516709511568124
243,Dragon Quest VII: Warriors of Eden,PS,2000.0,Role-Playing,Enix Corporation,0.2,0.14,4.1,0.02,4.47,1.1491002570694087
244,Uncharted: The Nathan Drake Collection,PS4,2015.0,Action,Sony Computer Entertainment,1.96,1.69,0.08,0.74,4.47,1.1491002570694087
246,God of War,PS2,2005.0,Action,Sony Computer Entertainment,2.71,1.29,0.02,0.43,4.45,1.1439588688946016
245,Call of Duty: Advanced Warfare,PS3,2014.0,Shooter,Activision,1.54,1.94,0.19,0.77,4.45,1.1439588688946016
247,Nintendo Land,WiiU,2012.0,Misc,Nintendo,2.55,1.11,0.46,0.33,4.44,1.141388174807198
248,Michael Jackson: The Experience,Wii,2010.0,Misc,Ubisoft,2.67,1.35,0.01,0.39,4.42,1.1362467866323906
249,Tony Hawk's Pro Skater 3,PS2,2001.0,Sports,Activision,2.66,1.29,0.01,0.46,4.41,1.1336760925449871
251,The Elder Scrolls IV: Oblivion,X360,2006.0,Role-Playing,Take-Two Interactive,2.82,1.05,0.13,0.4,4.39,1.1285347043701799
250,Winning Eleven: Pro Evolution Soccer 2007,PS2,2006.0,Sports,Konami Digital Entertainment,0.1,2.39,1.05,0.86,4.39,1.1285347043701799
252,Zelda II: The Adventure of Link,NES,1987.0,Adventure,Nintendo,2.19,0.5,1.61,0.08,4.38,1.1259640102827764
253,Need for Speed: Most Wanted,PS2,2005.0,Racing,Electronic Arts,2.03,1.79,0.08,0.47,4.37,1.1233933161953726
254,Resistance: Fall of Man,PS3,2006.0,Shooter,Sony Computer Entertainment,1.73,1.73,0.14,0.75,4.35,1.1182519280205654
255,Sonic the Hedgehog,GEN,1991.0,Platform,Sega,3.03,0.91,0.26,0.13,4.34,1.1156812339331619
256,Kingdom Hearts II,PS2,2005.0,Role-Playing,Square Enix,2.2,0.58,1.38,0.17,4.33,1.1131105398457584
259,Asteroids,2600,1980.0,Shooter,Atari,4.0,0.26,0.0,0.05,4.31,1.1079691516709511
260,Fable II,X360,2008.0,Role-Playing,Microsoft Game Studios,2.51,1.27,0.11,0.41,4.31,1.1079691516709511
258,Call of Duty: Advanced Warfare,X360,2014.0,Shooter,Activision,2.75,1.18,0.0,0.37,4.31,1.1079691516709511
257,FIFA 14,X360,2013.0,Sports,Electronic Arts,0.92,2.93,0.01,0.46,4.31,1.1079691516709511
261,Halo 5: Guardians,XOne,2015.0,Shooter,Microsoft Game Studios,2.64,1.2,0.03,0.39,4.26,1.095115681233933
263,Batman: Arkham Asylum,PS3,2009.0,Action,Eidos Interactive,2.23,1.34,0.07,0.61,4.25,1.0925449871465296
262,Super Mario 3D World,WiiU,2013.0,Platform,Nintendo,2.11,1.11,0.72,0.3,4.25,1.0925449871465296
265,Namco Museum,GBA,2001.0,Misc,Namco Bandai Games,3.0,1.11,0.05,0.07,4.24,1.089974293059126
264,Assassin's Creed: Revelations,PS3,2011.0,Action,Ubisoft,1.41,2.02,0.1,0.72,4.24,1.089974293059126
266,Metal Gear Solid 3: Snake Eater,PS2,2004.0,Action,Konami Digital Entertainment,1.46,0.0,0.83,1.93,4.23,1.0874035989717223
267,Daxter,PSP,2006.0,Platform,Sony Computer Entertainment,2.45,1.02,0.0,0.75,4.22,1.0848329048843186
269,The Legend of Zelda: Ocarina of Time,3DS,2011.0,Action,Nintendo,2.03,1.27,0.62,0.3,4.21,1.082262210796915
270,FIFA Soccer 06,PS2,2005.0,Sports,Electronic Arts,0.78,2.55,0.04,0.84,4.21,1.082262210796915
268,Warcraft II: Tides of Darkness,PC,1995.0,Strategy,Activision,1.7,2.27,0.0,0.23,4.21,1.082262210796915
271,EyeToy Play,PS2,2003.0,Misc,Sony Computer Entertainment,0.88,2.3,0.2,0.83,4.2,1.0796915167095116
272,Uncharted 4: A Thief's End,PS4,2016.0,Shooter,Sony Computer Entertainment,1.3,2.07,0.18,0.65,4.2,1.0796915167095116
273,Gran Turismo 5 Prologue,PS3,2007.0,Racing,Sony Computer Entertainment,1.28,1.83,0.57,0.53,4.2,1.0796915167095116
274,Assassin's Creed: Revelations,X360,2011.0,Action,Ubisoft,2.25,1.47,0.04,0.43,4.19,1.077120822622108
275,Street Fighter IV,PS3,2009.0,Fighting,Capcom,2.02,1.06,0.58,0.53,4.19,1.077120822622108
276,FIFA 12,X360,2011.0,Sports,Electronic Arts,0.84,2.79,0.02,0.53,4.19,1.077120822622108
277,Teenage Mutant Ninja Turtles,NES,1989.0,Action,Palcom,3.38,0.44,0.31,0.04,4.17,1.0719794344473008
279,Frogger,PS,1997.0,Action,Hasbro Interactive,3.79,0.27,0.0,0.11,4.16,1.069408740359897
278,Excitebike,NES,1984.0,Racing,Nintendo,2.04,0.48,1.57,0.07,4.16,1.069408740359897
281,Watch Dogs,PS4,2014.0,Action,Ubisoft,1.4,1.86,0.11,0.77,4.14,1.0642673521850898
280,Madden NFL 2003,PS2,2002.0,Sports,Electronic Arts,3.36,0.21,0.01,0.56,4.14,1.0642673521850898
282,Half-Life,PC,1997.0,Shooter,Vivendi Games,4.03,0.0,0.09,0.0,4.12,1.0591259640102828
283,Super Mario World 2: Yoshi's Island,SNES,1995.0,Platform,Nintendo,1.65,0.61,1.76,0.09,4.12,1.0591259640102828
284,FIFA Soccer 07,PS2,2006.0,Sports,Electronic Arts,0.71,2.48,0.03,0.89,4.11,1.0565552699228793
285,The Legend of Zelda: Skyward Sword,Wii,2011.0,Action,Nintendo,2.14,1.2,0.37,0.4,4.1,1.0539845758354756
286,Street Fighter II Turbo,SNES,1992.0,Fighting,Capcom,1.42,0.51,2.1,0.07,4.1,1.0539845758354756
287,Carnival Games,Wii,2007.0,Misc,Take-Two Interactive,2.13,1.5,0.05,0.42,4.1,1.0539845758354756
289,World of Warcraft: The Burning Crusade,PC,2007.0,Role-Playing,Activision,2.57,1.52,0.0,0.0,4.09,1.0514138817480718
288,Fallout 4,XOne,2015.0,Role-Playing,Bethesda Softworks,2.45,1.26,0.01,0.37,4.09,1.0514138817480718
290,Fallout: New Vegas,X360,2010.0,Role-Playing,Bethesda Softworks,2.65,1.06,0.04,0.33,4.08,1.0488431876606683
291,God of War II,PS2,2007.0,Action,Sony Computer Entertainment,2.32,0.04,0.04,1.67,4.07,1.0462724935732648
292,Forza Motorsport 2,X360,2007.0,Racing,Microsoft Game Studios,2.35,1.28,0.03,0.41,4.06,1.043701799485861
293,World Soccer Winning Eleven 9,PS2,2005.0,Sports,Konami Digital Entertainment,0.12,2.26,0.9,0.77,4.06,1.043701799485861
294,Namco Museum Vol.3,PS,1996.0,Misc,Sony Computer Entertainment,2.28,1.55,0.16,0.06,4.05,1.0411311053984575
295,Tekken Tag Tournament,PS2,2000.0,Fighting,Namco Bandai Games,1.68,1.51,0.51,0.35,4.05,1.0411311053984575
297,Star Fox 64,N64,1997.0,Shooter,Nintendo,2.78,0.58,0.64,0.04,4.03,1.0359897172236505
296,Far Cry 4,PS4,2014.0,Shooter,Ubisoft,1.12,2.12,0.1,0.69,4.03,1.0359897172236505
298,Minecraft,PS4,2014.0,Misc,Sony Computer Entertainment Europe,1.38,1.87,0.12,0.65,4.02,1.0334190231362466
299,Golf,NES,1984.0,Sports,Nintendo,1.22,0.28,2.46,0.04,4.01,1.030848329048843
300,Fallout 3,PS3,2008.0,Role-Playing,Bethesda Softworks,2.15,1.2,0.07,0.59,4.01,1.030848329048843
301,Professor Layton and the Diabolical Box,DS,2007.0,Puzzle,Nintendo,0.92,1.78,0.92,0.37,4.0,1.0282776349614395
302,Left 4 Dead 2,X360,2009.0,Shooter,Electronic Arts,2.67,0.89,0.05,0.37,3.99,1.025706940874036
303,Namco Museum: 50th Anniversary,PS2,2005.0,Misc,Namco Bandai Games,2.08,1.35,0.0,0.54,3.98,1.0231362467866323
304,EA Sports Active,Wii,2009.0,Sports,Electronic Arts,2.1,1.36,0.06,0.4,3.92,1.0077120822622108
305,Assassin's Creed: Unity,PS4,2014.0,Action,Ubisoft,1.18,1.96,0.08,0.7,3.92,1.0077120822622108
306,Donkey Kong Land,GB,1994.0,Platform,Nintendo,1.97,0.76,1.07,0.11,3.91,1.0051413881748072
307,Tony Hawk's Underground,PS2,2003.0,Sports,Activision,2.29,1.17,0.01,0.42,3.9,1.0025706940874035
309,Monster Hunter 4 Ultimate,3DS,2014.0,Role-Playing,Nintendo,0.67,0.49,2.62,0.11,3.89,1.0
308,Assassin's Creed IV: Black Flag,PS3,2013.0,Action,Ubisoft,1.33,1.71,0.13,0.73,3.89,1.0
311,The Elder Scrolls V: Skyrim,PC,2011.0,Role-Playing,Bethesda Softworks,1.15,2.09,0.0,0.64,3.88,0.9974293059125964
310,MotorStorm,PS3,2006.0,Racing,Sony Computer Entertainment,1.53,1.61,0.06,0.67,3.88,0.9974293059125964
314,Sports Champions,PS3,2010.0,Sports,Sony Computer Entertainment,2.12,1.14,0.1,0.51,3.87,0.9948586118251928
313,Dragon Warrior III,NES,1988.0,Role-Playing,Enix Corporation,0.1,0.0,3.77,0.0,3.87,0.9948586118251928
312,Tekken 5,PS2,2005.0,Fighting,Namco Bandai Games,0.93,1.94,0.31,0.7,3.87,0.9948586118251928
315,NBA 2K16,PS4,2015.0,Sports,Take-Two Interactive,2.48,0.65,0.03,0.69,3.85,0.9897172236503856
316,World Soccer Winning Eleven 8 International,PS2,2004.0,Sports,Konami Digital Entertainment,0.16,1.89,1.12,0.68,3.85,0.9897172236503856
317,Flash Focus: Vision Training in Minutes a Day,DS,2007.0,Misc,Nintendo,0.87,1.57,1.05,0.35,3.84,0.987146529562982
318,Namco Museum Vol.1,PS,1995.0,Misc,Sony Computer Entertainment,2.12,1.44,0.22,0.06,3.84,0.987146529562982
320,Mario & Luigi: Bowser's Inside Story,DS,2009.0,Role-Playing,Nintendo,2.26,0.48,0.81,0.27,3.83,0.9845758354755784
319,The Legend of Zelda: Link's Awakening,GB,1992.0,Action,Nintendo,2.21,0.96,0.54,0.13,3.83,0.9845758354755784
321,Big Brain Academy: Wii Degree,Wii,2007.0,Misc,Nintendo,1.06,1.93,0.41,0.43,3.82,0.9820051413881747
322,Nintendogs + cats,3DS,2011.0,Simulation,Nintendo,1.44,1.37,0.73,0.27,3.81,0.9794344473007712
323,Batman: Arkham Knight,PS4,2015.0,Action,Warner Bros. Interactive Entertainment,1.49,1.58,0.1,0.61,3.79,0.974293059125964
324,Mario & Sonic at the London 2012 Olympic Games,Wii,2011.0,Sports,Sega,1.14,1.91,0.27,0.46,3.78,0.9717223650385604
325,LEGO Indiana Jones: The Original Adventures,X360,2008.0,Action,Activision,2.4,1.03,0.0,0.36,3.78,0.9717223650385604
326,Resident Evil Director's Cut,PS,1996.0,Action,Virgin Interactive,1.82,1.24,0.47,0.25,3.77,0.9691516709511568
327,Ratchet & Clank: Size Matters,PSP,2007.0,Platform,Sony Computer Entertainment,1.4,1.4,0.1,0.87,3.77,0.9691516709511568
329,The Sims: Unleashed,PC,2002.0,Simulation,Electronic Arts,2.03,1.56,0.0,0.17,3.76,0.9665809768637531
328,Just Dance 2014,Wii,2013.0,Misc,Ubisoft,1.98,1.47,0.0,0.32,3.76,0.9665809768637531
330,Super Paper Mario,Wii,2007.0,Platform,Nintendo,1.98,0.88,0.59,0.32,3.76,0.9665809768637531
331,Harry Potter and the Sorcerer's Stone,PS,2001.0,Action,Electronic Arts,1.37,2.0,0.14,0.22,3.73,0.9588688946015423
332,The Witcher 3: Wild Hunt,PS4,2015.0,Role-Playing,Namco Bandai Games,0.96,2.0,0.21,0.56,3.73,0.9588688946015423
333,Resident Evil 3: Nemesis,PS,1999.0,Action,Eidos Interactive,1.3,0.77,1.54,0.11,3.72,0.9562982005141388
334,Spyro: Year of the Dragon,PS,2000.0,Platform,Sony Computer Entertainment,1.93,1.58,0.0,0.19,3.71,0.9537275064267352
335,FIFA Soccer 2005,PS2,2004.0,Sports,Electronic Arts,0.58,2.48,0.04,0.59,3.7,0.9511568123393316
336,Pokémon Trading Card Game,GB,1998.0,Strategy,Nintendo,1.49,0.73,1.38,0.1,3.7,0.9511568123393316
338,MySims,DS,2007.0,Simulation,Electronic Arts,1.59,1.61,0.08,0.41,3.69,0.948586118251928
337,Battlefield 4,PS3,2013.0,Shooter,Electronic Arts,1.3,1.51,0.27,0.61,3.69,0.948586118251928
340,Tony Hawk's Pro Skater 4,PS2,2002.0,Sports,Activision,2.13,1.18,0.01,0.35,3.67,0.9434447300771208
339,Friend Collection,DS,2009.0,Misc,Nintendo,0.0,0.0,3.67,0.0,3.67,0.9434447300771208
341,Midnight Club 3: DUB Edition,PSP,2005.0,Racing,Take-Two Interactive,1.65,1.22,0.0,0.79,3.66,0.9408740359897172
342,Banjo-Kazooie,N64,1998.0,Platform,Nintendo,1.87,1.13,0.55,0.1,3.65,0.9383033419023136
343,SOCOM: U.S. Navy SEALs,PS2,2002.0,Shooter,Sony Computer Entertainment,2.53,0.81,0.06,0.24,3.65,0.9383033419023136
344,Guitar Hero: World Tour,Wii,2008.0,Misc,Activision,2.33,0.97,0.0,0.35,3.65,0.9383033419023136
346,Jak and Daxter: The Precursor Legacy,PS2,2001.0,Platform,Sony Computer Entertainment,2.08,1.09,0.15,0.33,3.64,0.9357326478149101
345,Gran Turismo 6,PS3,2013.0,Racing,Sony Computer Entertainment,0.71,1.8,0.4,0.74,3.64,0.9357326478149101
350,Call of Duty: Ghosts,PS4,2013.0,Shooter,Activision,1.78,1.42,0.05,0.38,3.63,0.9331619537275063
347,Pokemon Snap,N64,1999.0,Simulation,Nintendo,2.23,0.68,0.66,0.06,3.63,0.9331619537275063
348,FIFA Soccer 10,PS3,2009.0,Sports,Electronic Arts,0.6,2.46,0.05,0.52,3.63,0.9331619537275063
349,Pro Evolution Soccer 2008,PS2,2007.0,Sports,Konami Digital Entertainment,0.05,0.0,0.64,2.93,3.63,0.9331619537275063
351,Resident Evil 4,PS2,2005.0,Action,Capcom,2.08,0.83,0.46,0.25,3.62,0.9305912596401028
352,Tom Clancy's The Division,PS4,2016.0,Shooter,Ubisoft,1.28,1.61,0.15,0.57,3.61,0.9280205655526992
353,Star Wars: Battlefront,PS2,2004.0,Shooter,LucasArts,1.93,1.22,0.03,0.44,3.61,0.9280205655526992
354,Doom II: Hell on Earth,PC,1994.0,Shooter,Virgin Interactive,2.05,1.4,0.0,0.16,3.61,0.9280205655526992
355,The Simpsons: Road Rage,PS2,2001.0,Racing,Electronic Arts,2.02,1.17,0.0,0.42,3.61,0.9280205655526992
356,Cooking Mama 2: Dinner With Friends,DS,2007.0,Simulation,505 Games,1.61,1.5,0.1,0.39,3.61,0.9280205655526992
357,Luigi's Mansion,GC,2001.0,Action,Nintendo,2.38,0.67,0.46,0.1,3.6,0.9254498714652957
358,Star Wars: Battlefront II,PS2,2005.0,Shooter,LucasArts,2.18,1.02,0.03,0.37,3.59,0.9228791773778919
359,WWF SmackDown!,PS,2000.0,Fighting,THQ,2.01,1.35,0.06,0.16,3.58,0.9203084832904884
360,Croc: Legend of the Gobbos,PS,1997.0,Platform,Fox Interactive,1.57,1.79,0.0,0.2,3.56,0.9151670951156812
363,Tomb Raider III: Adventures of Lara Croft,PS,1997.0,Action,Eidos Interactive,1.66,1.58,0.12,0.18,3.54,0.910025706940874
361,Grand Theft Auto: Liberty City Stories,PS2,2006.0,Action,Take-Two Interactive,1.56,1.4,0.07,0.5,3.54,0.910025706940874
362,The Getaway,PS2,2002.0,Action,Sony Computer Entertainment,1.23,1.77,0.05,0.49,3.54,0.910025706940874
367,FIFA Soccer 11,X360,2010.0,Sports,Electronic Arts,0.71,2.4,0.02,0.4,3.53,0.9074550128534704
364,James Bond 007: Agent Under Fire,PS2,2001.0,Shooter,Electronic Arts,1.9,1.13,0.1,0.41,3.53,0.9074550128534704
366,Battlefield 4,X360,2013.0,Shooter,Electronic Arts,2.14,1.08,0.02,0.29,3.53,0.9074550128534704
365,LEGO Star Wars: The Video Game,PS2,2005.0,Action,Eidos Interactive,1.98,1.14,0.01,0.41,3.53,0.9074550128534704
368,Rugrats in Paris: The Movie,PS,2000.0,Action,THQ,1.96,1.33,0.0,0.23,3.52,0.9048843187660668
369,Spyro 2: Ripto's Rage!,PS,1999.0,Platform,Sony Computer Entertainment,2.14,1.21,0.01,0.17,3.52,0.9048843187660668
370,Left 4 Dead,X360,2008.0,Shooter,Electronic Arts,2.66,0.5,0.05,0.3,3.52,0.9048843187660668
371,Mario & Sonic at the Olympic Winter Games,DS,2009.0,Sports,Sega,1.22,1.66,0.27,0.38,3.52,0.9048843187660668
372,Resident Evil 5,X360,2009.0,Action,Capcom,2.11,0.94,0.12,0.34,3.51,0.9023136246786632
373,Donkey Kong Country 3: Dixie Kong's Double Trouble!,SNES,1996.0,Platform,Nintendo,1.17,0.5,1.75,0.08,3.51,0.9023136246786632
376,Batman: Arkham Asylum,X360,2009.0,Action,Eidos Interactive,2.2,0.97,0.02,0.31,3.5,0.8997429305912596
377,Clubhouse Games,DS,2006.0,Misc,Nintendo,0.59,1.83,0.73,0.35,3.5,0.8997429305912596
375,Kung Fu,NES,1985.0,Action,Nintendo,1.64,0.38,1.42,0.06,3.5,0.8997429305912596
374,Assassin's Creed: Brotherhood,X360,2010.0,Action,Ubisoft,2.84,0.39,0.03,0.24,3.5,0.8997429305912596
379,Star Wars Battlefront (2015),XOne,2015.0,Shooter,Electronic Arts,1.94,1.22,0.02,0.31,3.49,0.897172236503856
378,FIFA Soccer 2004,PS2,,Sports,Electronic Arts,0.59,2.36,0.04,0.51,3.49,0.897172236503856
380,Battlefield: Bad Company 2,X360,2010.0,Shooter,Electronic Arts,2.09,1.02,0.04,0.32,3.48,0.8946015424164524
381,Guitar Hero: On Tour,DS,2008.0,Misc,Activision,2.11,1.01,0.01,0.35,3.48,0.8946015424164524
382,Assassin's Creed: Unity,XOne,2014.0,Action,Ubisoft,2.26,0.89,0.0,0.3,3.46,0.8894601542416452
383,Far Cry 3,PS3,2012.0,Shooter,Ubisoft,0.88,1.75,0.1,0.72,3.45,0.8868894601542416
386,Tekken 4,PS2,2002.0,Fighting,Namco Bandai Games,1.55,1.27,0.33,0.29,3.44,0.884318766066838
385,Borderlands,X360,2009.0,Shooter,Take-Two Interactive,2.39,0.73,0.03,0.29,3.44,0.884318766066838
384,Monster Hunter 4,3DS,2013.0,Role-Playing,Capcom,0.0,0.0,3.44,0.0,3.44,0.884318766066838
387,Battlefield 4,PS4,2013.0,Shooter,Electronic Arts,1.34,1.54,0.17,0.38,3.43,0.8817480719794345
388,LittleBigPlanet 2,PS3,2011.0,Platform,Sony Computer Entertainment,1.82,1.07,0.06,0.47,3.42,0.8791773778920308
389,Grand Theft Auto 2,PS,1998.0,Action,Take-Two Interactive,1.13,2.07,0.0,0.22,3.42,0.8791773778920308
390,Final Fantasy III,SNES,1994.0,Role-Playing,SquareSoft,0.86,0.0,2.55,0.02,3.42,0.8791773778920308
391,Spider-Man 2,PS2,2004.0,Action,Activision,1.75,1.2,0.02,0.43,3.41,0.8766066838046273
392,F-1 Race,GB,1990.0,Racing,Nintendo,1.73,0.69,0.59,0.4,3.41,0.8766066838046273
393,FIFA Soccer 2003,PS2,2002.0,Sports,Electronic Arts,0.46,2.28,0.05,0.61,3.4,0.8740359897172236
394,Crash Bash,PS,2000.0,Misc,Sony Computer Entertainment,1.56,1.47,0.19,0.17,3.39,0.87146529562982
396,Metal Gear Solid V: The Phantom Pain,PS4,2015.0,Action,Konami Digital Entertainment,1.08,1.35,0.48,0.47,3.38,0.8688946015424164
397,The Legend of Zelda: Spirit Tracks,DS,2009.0,Action,Nintendo,1.43,0.94,0.74,0.27,3.38,0.8688946015424164
395,LEGO Batman: The Videogame,X360,2008.0,Action,Warner Bros. Interactive Entertainment,2.03,1.03,0.0,0.32,3.38,0.8688946015424164
398,WWF War Zone,PS,1998.0,Fighting,Acclaim Entertainment,2.47,0.76,0.0,0.13,3.36,0.8637532133676092
399,The Legend of Zelda: Majora's Mask,N64,2000.0,Action,Nintendo,1.9,0.67,0.73,0.06,3.36,0.8637532133676092
400,Professor Layton and the Unwound Future,DS,2008.0,Puzzle,Nintendo,0.65,1.61,0.82,0.28,3.36,0.8637532133676092
401,Rugrats: Search For Reptar,PS,1998.0,Adventure,THQ,1.63,1.53,0.0,0.18,3.34,0.858611825192802
402,Assassin's Creed IV: Black Flag,X360,2013.0,Action,Ubisoft,1.9,1.14,0.01,0.29,3.34,0.858611825192802
405,Ratchet & Clank,PS2,2002.0,Platform,Sony Computer Entertainment,1.44,1.01,0.57,0.3,3.33,0.8560411311053985
404,James Bond 007: Nightfire,PS2,2002.0,Shooter,Electronic Arts,1.45,1.29,0.12,0.46,3.33,0.8560411311053985
403,English Training: Have Fun Improving Your Skills!,DS,2006.0,Misc,Nintendo,0.0,0.99,2.32,0.02,3.33,0.8560411311053985
406,Mario Party 9,Wii,2012.0,Misc,Nintendo,1.15,1.17,0.76,0.24,3.32,0.8534704370179947
407,Star Wars Episode III: Revenge of the Sith,PS2,2005.0,Action,LucasArts,1.47,1.39,0.03,0.43,3.32,0.8534704370179947
408,Max Payne,PS2,2001.0,Shooter,Take-Two Interactive,1.99,1.05,0.05,0.22,3.31,0.8508997429305912
411,Destiny,XOne,2014.0,Shooter,Activision,2.13,0.92,0.0,0.23,3.28,0.8431876606683804
410,Assassin's Creed Syndicate,PS4,2015.0,Action,Ubisoft,0.8,1.92,0.06,0.5,3.28,0.8431876606683804
409,The Lord of the Rings: The Return of the King,PS2,2003.0,Action,Electronic Arts,1.5,1.28,0.05,0.46,3.28,0.8431876606683804
414,Gran Turismo (PSP),PSP,2009.0,Racing,Sony Computer Entertainment,0.5,1.59,0.31,0.87,3.27,0.8406169665809768
413,Wii Music,Wii,2008.0,Misc,Nintendo,1.36,1.13,0.46,0.32,3.27,0.8406169665809768
412,True Crime: Streets of LA,PS2,2003.0,Action,Activision,1.89,1.05,0.02,0.31,3.27,0.8406169665809768
415,Monster Hunter X,3DS,2015.0,Action,Capcom,0.25,0.19,2.78,0.04,3.26,0.8380462724935732
416,Tekken,PS,1995.0,Fighting,Sony Computer Entertainment,0.95,1.3,0.77,0.22,3.24,0.8329048843187661
417,FIFA 16,XOne,2015.0,Sports,Electronic Arts,0.88,2.11,0.0,0.23,3.23,0.8303341902313625
418,L.A. Noire,PS3,2011.0,Adventure,Take-Two Interactive,1.27,1.33,0.12,0.51,3.23,0.8303341902313625
419,Madden NFL 16,PS4,2015.0,Sports,Electronic Arts,2.33,0.3,0.0,0.59,3.22,0.8277634961439589
420,Yokai Watch 2 Ganso/Honke,3DS,2014.0,Role-Playing,Nintendo,0.03,0.0,3.18,0.0,3.22,0.8277634961439589
421,007: Tomorrow Never Dies,PS,1999.0,Shooter,Electronic Arts,1.72,1.33,0.0,0.16,3.21,0.8251928020565552
423,Killer Instinct,SNES,1995.0,Fighting,Nintendo,2.26,0.72,0.12,0.1,3.2,0.8226221079691517
424,WWF SmackDown! 2: Know Your Role,PS,2000.0,Fighting,THQ,1.76,1.21,0.07,0.16,3.2,0.8226221079691517
422,Baseball,NES,1983.0,Sports,Nintendo,0.73,0.1,2.35,0.02,3.2,0.8226221079691517
427,Dragon Quest VI: Maboroshi no Daichi,SNES,1995.0,Role-Playing,Enix Corporation,0.0,0.0,3.19,0.0,3.19,0.8200514138817481
428,Dance Central,X360,2010.0,Misc,MTV Games,2.15,0.77,0.01,0.26,3.19,0.8200514138817481
425,Crisis Core: Final Fantasy VII,PSP,2007.0,Role-Playing,Square Enix,1.35,0.6,0.8,0.44,3.19,0.8200514138817481
426,God of War: Chains of Olympus,PSP,2008.0,Action,Sony Computer Entertainment,1.48,1.01,0.04,0.66,3.19,0.8200514138817481
429,Enter the Matrix,PS2,2003.0,Action,Atari,1.78,1.12,0.09,0.19,3.18,0.8174807197943444
430,Super Mario Maker,WiiU,2015.0,Platform,Nintendo,1.18,0.87,0.93,0.2,3.18,0.8174807197943444
431,Fallout: New Vegas,PS3,2010.0,Role-Playing,Bethesda Softworks,1.52,1.08,0.1,0.47,3.17,0.8149100257069408
432,LEGO Batman: The Videogame,Wii,,Action,Warner Bros. Interactive Entertainment,1.86,1.02,0.0,0.29,3.17,0.8149100257069408
433,Rhythm Heaven,DS,2008.0,Misc,Nintendo,0.58,0.51,1.93,0.14,3.17,0.8149100257069408
434,Ace Combat 04: Shattered Skies,PS2,2001.0,Simulation,Sony Computer Entertainment Europe,2.06,0.56,0.38,0.17,3.17,0.8149100257069408
435,Club Penguin: Elite Penguin Force,DS,2008.0,Adventure,Disney Interactive Studios,1.88,0.98,0.0,0.3,3.16,0.8123393316195373
436,Animal Crossing,GC,2001.0,Simulation,Nintendo,1.92,0.16,0.99,0.09,3.15,0.8097686375321336
437,LEGO Batman: The Videogame,DS,2008.0,Action,Warner Bros. Interactive Entertainment,1.79,1.06,0.0,0.29,3.15,0.8097686375321336
438,Sonic Rush,DS,2005.0,Platform,Sega,1.22,1.57,0.06,0.29,3.15,0.8097686375321336
439,Resident Evil 6,PS3,2012.0,Shooter,Capcom,0.88,0.97,0.88,0.42,3.15,0.8097686375321336
440,Halo: The Master Chief Collection,XOne,2014.0,Shooter,Microsoft Game Studios,1.89,0.99,0.03,0.24,3.15,0.8097686375321336
441,FIFA Soccer 08,PS2,2007.0,Sports,Electronic Arts,0.68,0.0,0.0,2.46,3.14,0.8071979434447301
442,Spider-Man,PS,2000.0,Action,Activision,1.7,1.25,0.02,0.16,3.13,0.8046272493573264
446,The Elder Scrolls IV: Oblivion,PS3,2007.0,Role-Playing,Ubisoft,1.69,0.87,0.14,0.42,3.12,0.8020565552699229
448,Heavy Rain,PS3,2010.0,Adventure,Sony Computer Entertainment,1.29,1.27,0.06,0.5,3.12,0.8020565552699229
447,Dragon Warrior IV,NES,1990.0,Role-Playing,Enix Corporation,0.08,0.0,3.03,0.01,3.12,0.8020565552699229
443,Need for Speed III: Hot Pursuit,PS,1998.0,Racing,Electronic Arts,2.14,0.86,0.0,0.13,3.12,0.8020565552699229
445,Personal Trainer: Cooking,DS,2006.0,Misc,Nintendo,0.91,1.0,1.03,0.17,3.12,0.8020565552699229
444,Star Wars Episode I Racer,N64,1999.0,Racing,Nintendo,2.31,0.62,0.14,0.04,3.12,0.8020565552699229
449,Mass Effect 2,X360,2010.0,Role-Playing,Electronic Arts,1.99,0.82,0.03,0.27,3.11,0.7994858611825192
450,FIFA 15,X360,2014.0,Sports,Electronic Arts,0.78,2.02,0.0,0.3,3.11,0.7994858611825192
451,Dragon Ball Z: Budokai,PS2,2002.0,Fighting,Atari,2.17,0.28,0.55,0.08,3.09,0.794344473007712
452,Madden NFL 2002,PS2,2001.0,Sports,Electronic Arts,2.5,0.16,0.01,0.42,3.08,0.7917737789203084
453,World Class Track Meet,NES,1986.0,Sports,Namco Bandai Games,1.92,0.45,0.64,0.07,3.08,0.7917737789203084
456,Donkey Kong,GB,1994.0,Platform,Nintendo,1.57,0.62,0.55,0.34,3.07,0.7892030848329048
457,The Sims: Vacation,PC,2002.0,Simulation,Electronic Arts,1.72,1.21,0.0,0.14,3.07,0.7892030848329048
458,Mass Effect 3,X360,2012.0,Role-Playing,Electronic Arts,1.94,0.86,0.03,0.24,3.07,0.7892030848329048
455,The Legend of Zelda: A Link Between Worlds,3DS,2013.0,Action,Nintendo,1.4,0.99,0.46,0.22,3.07,0.7892030848329048
454,Borderlands 2,X360,2012.0,Shooter,Take-Two Interactive,1.89,0.91,0.04,0.24,3.07,0.7892030848329048
459,Kung Fu Panda,X360,2008.0,Action,Activision,1.91,0.84,0.0,0.29,3.05,0.7840616966580977
460,Far Cry 3,X360,2012.0,Shooter,Ubisoft,1.38,1.35,0.02,0.28,3.04,0.781491002570694
461,Epic Mickey,Wii,2010.0,Platform,Disney Interactive Studios,2.06,0.64,0.12,0.22,3.04,0.781491002570694
463,Rayman,PS,1995.0,Platform,Ubisoft,1.54,1.33,0.0,0.16,3.03,0.7789203084832904
462,Saints Row 2,X360,2008.0,Action,THQ,1.94,0.8,0.02,0.27,3.03,0.7789203084832904
467,WWE SmackDown! Shut Your Mouth,PS2,2002.0,Sports,THQ,1.45,1.13,0.07,0.38,3.02,0.7763496143958869
465,Tom Clancy's Splinter Cell,XB,2002.0,Action,Ubisoft,1.85,1.04,0.0,0.13,3.02,0.7763496143958869
464,Killzone 2,PS3,2009.0,Shooter,Sony Computer Entertainment,1.4,1.07,0.08,0.47,3.02,0.7763496143958869
466,Mike Tyson's Punch-Out!!,NES,1987.0,Fighting,Nintendo,2.03,0.47,0.45,0.07,3.02,0.7763496143958869
469,NBA 2K13,X360,2012.0,Sports,Take-Two Interactive,2.6,0.21,0.01,0.19,3.0,0.7712082262210797
470,Dragon Ball Z: Budokai Tenkaichi 3,PS2,2007.0,Fighting,Atari,1.15,0.0,0.76,1.09,3.0,0.7712082262210797
471,wwe Smackdown vs. Raw 2006,PS2,,Fighting,,1.57,1.02,0.0,0.41,3.0,0.7712082262210797
468,Gears of War: Ultimate Edition,XOne,2015.0,Shooter,Microsoft Game Studios,2.38,0.32,0.0,0.31,3.0,0.7712082262210797
475,World Soccer Winning Eleven 6 International,PS2,2002.0,Sports,Konami Digital Entertainment,0.12,1.26,1.16,0.45,2.99,0.7686375321336761
476,Devil May Cry,PS2,2001.0,Action,Capcom,1.36,0.86,0.64,0.13,2.99,0.7686375321336761
473,Star Fox,SNES,1993.0,Shooter,Nintendo,1.61,0.51,0.8,0.07,2.99,0.7686375321336761
474,The Sims: Livin Large,PC,2000.0,Misc,Electronic Arts,1.67,1.18,0.0,0.13,2.99,0.7686375321336761
472,Middle-Earth: Shadow of Mordor,PS4,2014.0,Action,Warner Bros. Interactive Entertainment,1.01,1.41,0.05,0.53,2.99,0.7686375321336761
477,Animal Crossing: Happy Home Designer,3DS,2015.0,Simulation,Nintendo,0.47,1.0,1.39,0.12,2.98,0.7660668380462725
478,Battlefield: Bad Company 2,PS3,2010.0,Shooter,Electronic Arts,1.33,1.12,0.08,0.45,2.97,0.7634961439588689
479,The Sims 4,PC,2014.0,Simulation,Electronic Arts,0.96,1.72,0.0,0.29,2.97,0.7634961439588689
480,Star Wars: The Old Republic,PC,2011.0,Role-Playing,Electronic Arts,1.58,1.01,0.0,0.38,2.97,0.7634961439588689
482,Kirby Super Star Ultra,DS,2008.0,Platform,Nintendo,1.57,0.04,1.19,0.15,2.96,0.7609254498714653
483,Hitman 2: Silent Assassin,PS2,2002.0,Action,Eidos Interactive,1.36,1.15,0.04,0.41,2.96,0.7609254498714653
481,Sonic Heroes,PS2,2003.0,Platform,Sega,1.04,1.37,0.06,0.49,2.96,0.7609254498714653
484,Street Fighter IV,X360,2009.0,Fighting,Capcom,1.82,0.71,0.15,0.26,2.95,0.7583547557840618
485,Wave Race 64,N64,1996.0,Racing,Nintendo,1.98,0.58,0.34,0.04,2.94,0.755784061696658
486,SOCOM II: U.S. Navy SEALs,PS2,2003.0,Shooter,Sony Computer Entertainment,2.22,0.51,0.06,0.15,2.94,0.755784061696658
487,WWE SmackDown! vs. RAW 2006,PS2,2005.0,Fighting,THQ,1.45,1.11,0.04,0.33,2.94,0.755784061696658
488,inFAMOUS,PS3,2009.0,Action,Sony Computer Entertainment,1.76,0.69,0.12,0.37,2.94,0.755784061696658
489,Pac-Man Collection,GBA,2001.0,Puzzle,Atari,2.07,0.77,0.05,0.05,2.94,0.755784061696658
490,Mass Effect,X360,2007.0,Role-Playing,Microsoft Game Studios,1.83,0.8,0.03,0.27,2.93,0.7532133676092545
491,WarioWare: Smooth Moves,Wii,2006.0,Puzzle,Nintendo,0.87,1.06,0.73,0.26,2.92,0.7506426735218509
492,Cooking Mama: Cook Off,Wii,2007.0,Simulation,505 Games,1.43,1.13,0.05,0.3,2.91,0.7480719794344474
493,Super Mario World 2: Yoshi's Island,GBA,2002.0,Platform,Nintendo,1.75,0.45,0.62,0.09,2.91,0.7480719794344474
494,FIFA 14,PS4,2013.0,Sports,Electronic Arts,0.61,1.85,0.11,0.33,2.9,0.7455012853470436
495,Titanfall,XOne,2014.0,Shooter,Electronic Arts,1.84,0.8,0.04,0.22,2.9,0.7455012853470436
496,Sonic Mega Collection Plus,PS2,2004.0,Misc,Sega,1.54,1.14,0.0,0.22,2.9,0.7455012853470436
497,Sega Superstars Tennis,X360,2008.0,Sports,Sega,1.75,0.86,0.0,0.28,2.9,0.7455012853470436
498,World Soccer Winning Eleven 7 International,PS2,2003.0,Sports,Konami Digital Entertainment,0.08,1.24,1.13,0.45,2.9,0.7455012853470436
500,Hot Shots Golf 3,PS2,2001.0,Sports,Sony Computer Entertainment,0.99,0.32,1.38,0.2,2.89,0.7429305912596401
501,Call of Duty: Finest Hour,PS2,2004.0,Shooter,Activision,1.51,1.12,0.01,0.24,2.89,0.7429305912596401
499,Need for Speed: Most Wanted,PS3,2012.0,Racing,Electronic Arts,0.71,1.51,0.06,0.61,2.89,0.7429305912596401
504,Imagine: Babyz,DS,2007.0,Simulation,Ubisoft,1.3,1.27,0.0,0.31,2.88,0.7403598971722365
502,Zumba Fitness 2,Wii,2011.0,Sports,Majesco Entertainment,1.54,1.07,0.0,0.28,2.88,0.7403598971722365
503,Syphon Filter,PS,1999.0,Shooter,Sony Computer Entertainment,2.03,0.72,0.02,0.11,2.88,0.7403598971722365
505,Colin McRae Rally,PS,1998.0,Racing,Codemasters,0.09,2.43,0.12,0.22,2.87,0.7377892030848329
508,The Elder Scrolls III: Morrowind,XB,2002.0,Role-Playing,Ubisoft,2.09,0.63,0.03,0.11,2.86,0.7352185089974292
507,Madden NFL 13,X360,2012.0,Sports,Electronic Arts,2.53,0.16,0.0,0.17,2.86,0.7352185089974292
506,Call of Duty: Ghosts,XOne,2013.0,Shooter,Activision,1.87,0.77,0.0,0.22,2.86,0.7352185089974292
514,FIFA 16,PS3,2015.0,Sports,Electronic Arts,0.4,1.98,0.05,0.42,2.85,0.7326478149100257
513,Skylanders: Spyro's Adventure,Wii,2011.0,Action,Activision,1.4,1.14,0.0,0.31,2.85,0.7326478149100257
512,Command & Conquer: Red Alert,PC,1996.0,Strategy,Virgin Interactive,1.37,1.34,0.0,0.14,2.85,0.7326478149100257
510,F-Zero,SNES,1990.0,Racing,Nintendo,1.37,0.51,0.89,0.07,2.85,0.7326478149100257
509,Mortal Kombat,PS3,2011.0,Fighting,Warner Bros. Interactive Entertainment,1.98,0.55,0.0,0.32,2.85,0.7326478149100257
511,Yoshi's Story,N64,1997.0,Platform,Nintendo,1.29,0.53,0.98,0.05,2.85,0.7326478149100257
515,Assassin's Creed: Brotherhood,PS3,2010.0,Action,Ubisoft,1.87,0.57,0.11,0.3,2.84,0.730077120822622
516,BioShock,X360,2007.0,Shooter,Take-Two Interactive,1.65,0.86,0.05,0.28,2.83,0.7275064267352185
517,Madden NFL 10,X360,2009.0,Sports,Electronic Arts,2.52,0.09,0.0,0.22,2.83,0.7275064267352185
518,Medal of Honor,PS3,2010.0,Shooter,Electronic Arts,1.28,1.05,0.07,0.43,2.83,0.7275064267352185
519,WWE SmackDown! vs. Raw,PS2,2002.0,Fighting,THQ,1.32,1.08,0.04,0.39,2.83,0.7275064267352185
521,Finding Nemo,GBA,2003.0,Action,THQ,1.59,1.05,0.04,0.14,2.82,0.7249357326478149
520,Metroid Prime,GC,2002.0,Shooter,Nintendo,1.96,0.67,0.1,0.09,2.82,0.7249357326478149
524,Imagine: Fashion Designer,DS,2007.0,Simulation,Ubisoft,1.32,1.19,0.0,0.3,2.81,0.7223650385604113
523,Need for Speed: Hot Pursuit,PS3,2010.0,Racing,Electronic Arts,1.05,1.25,0.03,0.48,2.81,0.7223650385604113
522,Myst,PC,1994.0,Adventure,Red Orb,0.02,2.79,0.0,0.0,2.81,0.7223650385604113
527,Yoshi's Island DS,DS,2006.0,Platform,Nintendo,1.47,0.07,1.1,0.15,2.8,0.7197943444730076
525,WWE SmackDown! Here Comes the Pain,PS2,2003.0,Fighting,THQ,1.32,1.06,0.04,0.38,2.8,0.7197943444730076
526,Star Wars: The Force Unleashed,X360,2008.0,Action,LucasArts,1.74,0.8,0.0,0.26,2.8,0.7197943444730076
534,Battlefield 3,PC,2011.0,Shooter,Electronic Arts,0.89,1.43,0.0,0.48,2.79,0.7172236503856041
528,Hot Shots Golf,PS,1997.0,Sports,Sony Computer Entertainment,0.29,0.2,2.13,0.18,2.79,0.7172236503856041
537,Monster Hunter Tri,3DS,2011.0,Role-Playing,Nintendo,0.46,0.29,1.96,0.07,2.79,0.7172236503856041
536,Professor Layton and the Last Specter,DS,2009.0,Puzzle,Nintendo,0.3,1.47,0.68,0.34,2.79,0.7172236503856041
535,NBA Street,PS2,2001.0,Sports,Electronic Arts,2.19,0.22,0.0,0.38,2.79,0.7172236503856041
531,WWF SmackDown! Just Bring It,PS2,2001.0,Fighting,THQ,1.19,1.15,0.04,0.41,2.79,0.7172236503856041
533,Mortal Kombat Trilogy,PS,1996.0,Fighting,GT Interactive,1.98,0.7,0.0,0.11,2.79,0.7172236503856041
532,Dragon Quest V: Tenkuu no Hanayome,SNES,1992.0,Role-Playing,Enix Corporation,0.0,0.0,2.78,0.01,2.79,0.7172236503856041
530,A Bug's Life,PS,1998.0,Platform,Sony Computer Entertainment,1.96,0.72,0.0,0.11,2.79,0.7172236503856041
529,Killzone 3,PS3,2011.0,Shooter,Sony Computer Entertainment,1.45,0.88,0.09,0.38,2.79,0.7172236503856041
541,Tekken 6,PS3,2009.0,Fighting,Namco Bandai Games,1.2,0.98,0.17,0.43,2.78,0.7146529562982005
540,Ratchet & Clank: Going Commando,PS2,2003.0,Platform,Sony Computer Entertainment,1.44,0.83,0.26,0.25,2.78,0.7146529562982005
539,inFAMOUS: Second Son,PS4,2014.0,Action,Sony Computer Entertainment,1.27,0.97,0.07,0.47,2.78,0.7146529562982005
538,Jak II,PS2,2003.0,Platform,Sony Computer Entertainment,1.68,0.74,0.0,0.36,2.78,0.7146529562982005
544,Saints Row: The Third,X360,2011.0,Action,THQ,1.25,1.15,0.07,0.3,2.77,0.7120822622107968
543,Sonic and the Secret Rings,Wii,2007.0,Platform,Sega,1.24,1.2,0.04,0.3,2.77,0.7120822622107968
542,The Sims,PS2,2003.0,Simulation,Electronic Arts,1.41,1.12,0.0,0.24,2.77,0.7120822622107968
545,Missile Command,2600,1980.0,Shooter,Atari,2.56,0.17,0.0,0.03,2.76,0.7095115681233932
546,Mario Paint,SNES,1992.0,Misc,Nintendo,1.43,0.54,0.71,0.07,2.75,0.7069408740359897
547,Assassin's Creed IV: Black Flag,PS4,2013.0,Action,Ubisoft,1.07,1.31,0.06,0.31,2.74,0.7043701799485862
548,Pokémon Stadium 2,N64,2000.0,Strategy,Nintendo,1.02,0.36,1.13,0.23,2.73,0.7017994858611825
549,Metroid,NES,1986.0,Action,Nintendo,1.33,0.31,1.04,0.05,2.73,0.7017994858611825
550,L.A. Noire,X360,2011.0,Adventure,Take-Two Interactive,1.52,0.94,0.02,0.24,2.72,0.699228791773779
551,Call of Duty 3,X360,2006.0,Shooter,Activision,1.49,0.93,0.02,0.27,2.71,0.6966580976863753
552,The Legend of Zelda: A Link to the Past,GBA,2002.0,Action,Nintendo,1.75,0.52,0.33,0.1,2.7,0.6940874035989717
553,Onimusha: Warlords,PS2,2001.0,Action,Virgin Interactive,0.99,0.48,1.09,0.14,2.7,0.6940874035989717
554,Mortal Kombat X,PS4,2015.0,Fighting,Warner Bros. Interactive Entertainment,1.47,0.76,0.0,0.47,2.7,0.6940874035989717
555,Mario Party,N64,1998.0,Misc,Nintendo,1.25,0.53,0.87,0.05,2.7,0.6940874035989717
557,LEGO Star Wars II: The Original Trilogy,PS2,2006.0,Action,LucasArts,1.85,0.64,0.01,0.19,2.69,0.6915167095115681
556,Madden NFL 12,X360,2011.0,Sports,Electronic Arts,2.42,0.11,0.0,0.16,2.69,0.6915167095115681
558,Madden NFL 11,X360,2010.0,Sports,Electronic Arts,2.38,0.12,0.0,0.18,2.69,0.6915167095115681
559,Mario vs. Donkey Kong: Mini-Land Mayhem!,DS,2010.0,Puzzle,Nintendo,1.63,0.52,0.35,0.18,2.69,0.6915167095115681
564,Final Fantasy XIII-2,PS3,2011.0,Role-Playing,Square Enix,0.78,0.75,0.89,0.26,2.68,0.6889460154241646
561,Burnout 3: Takedown,PS2,2004.0,Racing,Electronic Arts,1.23,1.11,0.0,0.34,2.68,0.6889460154241646
560,Skate 3,X360,2010.0,Sports,Electronic Arts,1.46,0.98,0.0,0.24,2.68,0.6889460154241646
563,Need for Speed: Shift,PS3,2009.0,Racing,Electronic Arts,0.69,1.41,0.04,0.53,2.68,0.6889460154241646
562,Yokai Watch 2 Shinuchi,3DS,2014.0,Role-Playing,Level 5,0.0,0.0,2.68,0.0,2.68,0.6889460154241646
565,Mortal Kombat,GEN,1992.0,Fighting,Arena Entertainment,1.95,0.63,0.0,0.09,2.67,0.6863753213367609
566,Call Of Duty 2: Big Red One,PS2,2005.0,Shooter,Activision,1.48,0.92,0.01,0.26,2.67,0.6863753213367609
567,Guitar Hero: World Tour,X360,2008.0,Misc,Activision,1.78,0.64,0.0,0.25,2.67,0.6863753213367609
568,Medal of Honor,PS,1998.0,Shooter,Electronic Arts,1.44,1.09,0.0,0.14,2.67,0.6863753213367609
569,Fable,XB,2004.0,Role-Playing,Microsoft Game Studios,1.99,0.58,0.0,0.09,2.66,0.6838046272493573
572,Skylanders Giants,Wii,2012.0,Action,Activision,1.56,0.88,0.0,0.22,2.65,0.6812339331619537
575,Star Wars: Shadows of the Empire,N64,1996.0,Action,Nintendo,2.0,0.5,0.12,0.03,2.65,0.6812339331619537
574,Super Mario Bros.: The Lost Levels,NES,1986.0,Platform,Nintendo,0.0,0.0,2.65,0.0,2.65,0.6812339331619537
571,Tom Clancy's Splinter Cell,PS2,2003.0,Action,Ubisoft,1.15,1.11,0.0,0.4,2.65,0.6812339331619537
570,Hannah Montana,DS,2006.0,Action,Disney Interactive Studios,1.59,0.8,0.0,0.26,2.65,0.6812339331619537
573,Medal of Honor Heroes,PSP,2006.0,Shooter,Electronic Arts,0.86,1.11,0.01,0.66,2.65,0.6812339331619537
576,LEGO Star Wars: The Complete Saga,X360,2007.0,Action,LucasArts,1.53,0.87,0.0,0.24,2.64,0.6786632390745502
579,Halo Wars,X360,2009.0,Strategy,Microsoft Game Studios,1.53,0.82,0.04,0.24,2.63,0.6760925449871464
580,God of War Collection,PS3,2009.0,Action,Sony Computer Entertainment,1.7,0.46,0.06,0.41,2.63,0.6760925449871464
578,Pac-Man: Adventures in Time,PSP,2006.0,Fighting,Sony Computer Entertainment,0.76,1.1,0.12,0.65,2.63,0.6760925449871464
577,Midnight Club: Street Racing,PS2,2000.0,Racing,Take-Two Interactive,2.0,0.47,0.02,0.14,2.63,0.6760925449871464
582,Mario Strikers Charged,Wii,2007.0,Sports,Nintendo,1.07,1.06,0.24,0.25,2.62,0.6735218508997429
583,Medal of Honor,X360,2010.0,Shooter,Electronic Arts,1.55,0.81,0.04,0.21,2.62,0.6735218508997429
584,FIFA Soccer 10,X360,2009.0,Sports,Electronic Arts,0.59,1.79,0.01,0.23,2.62,0.6735218508997429
585,NBA 2K12,X360,2011.0,Sports,Take-Two Interactive,2.31,0.14,0.01,0.16,2.62,0.6735218508997429
581,ESPN NFL 2K5,PS2,2004.0,Sports,Sega,2.15,0.12,0.0,0.36,2.62,0.6735218508997429
586,Style Savvy,DS,2008.0,Simulation,Nintendo,0.63,0.84,0.96,0.19,2.61,0.6709511568123393
587,Harry Potter and the Chamber of Secrets,PS2,2002.0,Action,Electronic Arts,0.9,1.22,0.04,0.44,2.61,0.6709511568123393
589,Streets of Rage,GEN,1990.0,Action,Sega,1.86,0.55,0.11,0.08,2.6,0.6683804627249358
588,Super Mario All-Stars: Limited Edition,Wii,2010.0,Platform,Nintendo,1.02,0.52,0.92,0.14,2.6,0.6683804627249358
591,Ratchet & Clank Future: Tools of Destruction,PS3,2007.0,Platform,Sony Computer Entertainment,0.93,1.12,0.08,0.45,2.59,0.665809768637532
590,FIFA Soccer 09,PS3,2008.0,Sports,Electronic Arts,0.48,1.63,0.04,0.43,2.59,0.665809768637532
592,NBA Live 2005,PS2,2004.0,Sports,Electronic Arts,2.03,0.21,0.0,0.35,2.59,0.665809768637532
593,LittleBigPlanet,PSP,2009.0,Platform,Sony Computer Entertainment,0.64,1.24,0.01,0.69,2.58,0.6632390745501285
594,Killzone: Shadow Fall,PS4,2013.0,Shooter,Sony Computer Entertainment,0.89,1.33,0.07,0.28,2.58,0.6632390745501285
595,Ghostbusters: The Video Game (DS Version),X360,2009.0,Action,Take-Two Interactive,1.04,1.24,0.03,0.27,2.58,0.6632390745501285
596,Monster Hunter Freedom 2,PSP,2007.0,Role-Playing,Capcom,0.37,0.27,1.75,0.18,2.58,0.6632390745501285
597,WWE SmackDown vs. RAW 2007,PS2,2006.0,Fighting,THQ,1.4,0.88,0.03,0.26,2.58,0.6632390745501285
600,Dragon Age: Origins,X360,2009.0,Role-Playing,Electronic Arts,1.76,0.56,0.03,0.22,2.57,0.6606683804627249
601,Madden NFL 08,PS2,2007.0,Sports,Electronic Arts,2.14,0.08,0.0,0.35,2.57,0.6606683804627249
598,Ratchet & Clank: Up Your Arsenal,PS2,2004.0,Platform,Sony Computer Entertainment,1.31,0.74,0.31,0.22,2.57,0.6606683804627249
599,Art Academy,DS,2010.0,Misc,Nintendo,0.28,1.68,0.33,0.28,2.57,0.6606683804627249
602,Sonic Adventure 2 Battle,GC,2001.0,Platform,Sega,1.7,0.59,0.21,0.07,2.56,0.6580976863753213
603,Dragon Warrior II,NES,1987.0,Role-Playing,Enix Corporation,0.15,0.0,2.41,0.0,2.56,0.6580976863753213
604,Madden NFL 13,PS3,2012.0,Sports,Electronic Arts,2.11,0.23,0.0,0.22,2.56,0.6580976863753213
607,Madden NFL 09,X360,2008.0,Sports,Electronic Arts,2.21,0.12,0.0,0.2,2.54,0.6529562982005142
606,Deca Sports,Wii,2008.0,Sports,Konami Digital Entertainment,1.13,0.87,0.29,0.25,2.54,0.6529562982005142
605,Pokémon Colosseum,GC,2003.0,Role-Playing,Nintendo,1.21,0.57,0.7,0.07,2.54,0.6529562982005142
608,Space Invaders,2600,,Shooter,Atari,2.36,0.14,0.0,0.03,2.53,0.6503856041131104
609,Crazy Taxi,PS2,2001.0,Racing,Acclaim Entertainment,1.13,1.12,0.06,0.22,2.52,0.6478149100257069
610,Perfect Dark,N64,2000.0,Action,Nintendo,1.55,0.75,0.16,0.06,2.52,0.6478149100257069
611,Game Party,Wii,2007.0,Misc,Midway Games,1.5,0.78,0.0,0.24,2.52,0.6478149100257069
612,Dragon Warrior,NES,1986.0,Role-Playing,Capcom,0.49,0.0,0.52,1.51,2.52,0.6478149100257069
613,Tomb Raider (2013),PS3,2013.0,Action,Square Enix,0.6,1.31,0.08,0.52,2.51,0.6452442159383033
614,Marvel: Ultimate Alliance,X360,2006.0,Role-Playing,Activision,2.29,0.02,0.0,0.19,2.5,0.6426735218508998
615,PES 2009: Pro Evolution Soccer,PS2,2008.0,Sports,Konami Digital Entertainment,0.13,0.07,0.26,2.05,2.5,0.6426735218508998
616,Mario Party 2,N64,1999.0,Misc,Nintendo,1.28,0.14,1.08,0.01,2.5,0.6426735218508998
